Timestamp,Control Module Voltage,Engine RPM,Battery Voltage,Coolant Temperature,Speed,MAF Sensor,O2 Sensor
2024-11-28 11:32:39,,0.0 revolutions_per_minute,11.8 volt,65 degree_Celsius,0.0 kilometer_per_hour,N/A,0.455 volt
2024-11-28 11:32:41,,0.0 revolutions_per_minute,11.8 volt,65 degree_Celsius,0.0 kilometer_per_hour,N/A,0.455 volt
2024-11-28 11:32:44,,0.0 revolutions_per_minute,11.8 volt,65 degree_Celsius,0.0 kilometer_per_hour,N/A,0.455 volt
2024-11-28 11:32:46,,0.0 revolutions_per_minute,11.7 volt,65 degree_Celsius,0.0 kilometer_per_hour,N/A,0.455 volt
2024-11-28 11:32:48,,0.0 revolutions_per_minute,11.8 volt,65 degree_Celsius,0.0 kilometer_per_hour,N/A,0.455 volt
2024-11-28 11:32:50,,0.0 revolutions_per_minute,11.7 volt,65 degree_Celsius,0.0 kilometer_per_hour,N/A,0.455 volt
2024-11-28 11:32:52,,0.0 revolutions_per_minute,11.8 volt,65 degree_Celsius,0.0 kilometer_per_hour,N/A,0.455 volt
2024-11-28 11:32:55,,0.0 revolutions_per_minute,11.8 volt,65 degree_Celsius,0.0 kilometer_per_hour,N/A,0.455 volt
2024-11-28 11:32:57,,0.0 revolutions_per_minute,11.7 volt,65 degree_Celsius,0.0 kilometer_per_hour,N/A,0.455 volt
2024-11-28 11:32:59,,0.0 revolutions_per_minute,11.7 volt,65 degree_Celsius,0.0 kilometer_per_hour,N/A,0.455 volt
2024-11-28 11:33:01,,0.0 revolutions_per_minute,11.7 volt,65 degree_Celsius,0.0 kilometer_per_hour,N/A,0.455 volt
2024-11-28 11:33:03,,0.0 revolutions_per_minute,11.7 volt,65 degree_Celsius,0.0 kilometer_per_hour,N/A,0.455 volt
2024-11-28 11:33:06,,0.0 revolutions_per_minute,11.8 volt,65 degree_Celsius,0.0 kilometer_per_hour,N/A,0.455 volt
2024-11-28 11:33:08,,0.0 revolutions_per_minute,11.8 volt,65 degree_Celsius,0.0 kilometer_per_hour,N/A,0.455 volt
2024-11-28 11:33:10,,0.0 revolutions_per_minute,11.8 volt,65 degree_Celsius,0.0 kilometer_per_hour,N/A,0.455 volt
2024-11-28 11:33:12,,0.0 revolutions_per_minute,11.8 volt,65 degree_Celsius,0.0 kilometer_per_hour,N/A,0.455 volt
2024-11-28 11:33:15,,0.0 revolutions_per_minute,11.7 volt,65 degree_Celsius,0.0 kilometer_per_hour,N/A,0.455 volt
2024-11-28 11:33:17,,0.0 revolutions_per_minute,11.8 volt,65 degree_Celsius,0.0 kilometer_per_hour,N/A,0.455 volt
2024-11-28 11:33:19,,0.0 revolutions_per_minute,11.7 volt,65 degree_Celsius,0.0 kilometer_per_hour,N/A,0.455 volt
2024-11-28 11:33:21,,0.0 revolutions_per_minute,11.7 volt,65 degree_Celsius,0.0 kilometer_per_hour,N/A,0.455 volt
2024-11-28 11:33:23,,0.0 revolutions_per_minute,11.8 volt,65 degree_Celsius,0.0 kilometer_per_hour,N/A,0.455 volt
2024-11-28 11:33:26,,0.0 revolutions_per_minute,11.7 volt,65 degree_Celsius,0.0 kilometer_per_hour,N/A,0.455 volt
2024-11-28 11:33:28,,0.0 revolutions_per_minute,11.8 volt,65 degree_Celsius,0.0 kilometer_per_hour,N/A,0.455 volt
2024-11-28 11:33:30,,0.0 revolutions_per_minute,11.7 volt,65 degree_Celsius,0.0 kilometer_per_hour,N/A,0.455 volt
2024-11-28 11:33:32,,0.0 revolutions_per_minute,11.8 volt,65 degree_Celsius,0.0 kilometer_per_hour,N/A,0.455 volt
2024-11-28 11:33:34,,0.0 revolutions_per_minute,11.7 volt,65 degree_Celsius,0.0 kilometer_per_hour,N/A,0.455 volt
2024-11-28 11:33:37,,0.0 revolutions_per_minute,11.7 volt,65 degree_Celsius,0.0 kilometer_per_hour,N/A,0.455 volt
2024-11-28 11:33:39,,0.0 revolutions_per_minute,11.7 volt,65 degree_Celsius,0.0 kilometer_per_hour,N/A,0.455 volt
2024-11-28 11:33:41,,0.0 revolutions_per_minute,11.7 volt,65 degree_Celsius,0.0 kilometer_per_hour,N/A,0.455 volt
2024-11-28 11:33:43,,0.0 revolutions_per_minute,11.7 volt,65 degree_Celsius,0.0 kilometer_per_hour,N/A,0.455 volt
2024-11-28 11:33:45,,0.0 revolutions_per_minute,11.7 volt,64 degree_Celsius,0.0 kilometer_per_hour,N/A,0.455 volt
2024-11-28 11:33:48,,0.0 revolutions_per_minute,11.7 volt,64 degree_Celsius,0.0 kilometer_per_hour,N/A,0.455 volt
2024-11-28 11:33:50,,0.0 revolutions_per_minute,11.7 volt,64 degree_Celsius,0.0 kilometer_per_hour,N/A,0.455 volt
2024-11-28 11:33:52,,0.0 revolutions_per_minute,11.8 volt,64 degree_Celsius,0.0 kilometer_per_hour,N/A,0.455 volt
2024-11-28 11:33:54,,0.0 revolutions_per_minute,11.7 volt,64 degree_Celsius,0.0 kilometer_per_hour,N/A,0.455 volt
2024-11-28 11:33:57,,0.0 revolutions_per_minute,11.7 volt,64 degree_Celsius,0.0 kilometer_per_hour,N/A,0.455 volt
2024-11-28 11:33:59,,0.0 revolutions_per_minute,11.8 volt,64 degree_Celsius,0.0 kilometer_per_hour,N/A,0.455 volt
2024-11-28 11:34:01,,0.0 revolutions_per_minute,11.7 volt,64 degree_Celsius,0.0 kilometer_per_hour,N/A,0.455 volt
2024-11-28 11:34:03,,0.0 revolutions_per_minute,11.8 volt,64 degree_Celsius,0.0 kilometer_per_hour,N/A,0.455 volt
2024-11-28 11:34:05,,0.0 revolutions_per_minute,11.7 volt,64 degree_Celsius,0.0 kilometer_per_hour,N/A,0.455 volt
2024-11-28 11:34:08,,0.0 revolutions_per_minute,11.7 volt,64 degree_Celsius,0.0 kilometer_per_hour,N/A,0.455 volt
2024-11-28 11:34:10,,0.0 revolutions_per_minute,11.8 volt,64 degree_Celsius,0.0 kilometer_per_hour,N/A,0.455 volt
2024-11-28 11:34:12,,0.0 revolutions_per_minute,11.7 volt,64 degree_Celsius,0.0 kilometer_per_hour,N/A,0.455 volt
2024-11-28 11:34:14,,0.0 revolutions_per_minute,11.8 volt,64 degree_Celsius,0.0 kilometer_per_hour,N/A,0.455 volt
2024-11-28 11:34:16,,0.0 revolutions_per_minute,11.8 volt,64 degree_Celsius,0.0 kilometer_per_hour,N/A,0.455 volt
2024-11-28 11:34:19,,0.0 revolutions_per_minute,11.7 volt,64 degree_Celsius,0.0 kilometer_per_hour,N/A,0.455 volt
2024-11-28 11:34:21,,0.0 revolutions_per_minute,11.7 volt,64 degree_Celsius,0.0 kilometer_per_hour,N/A,0.455 volt
2024-11-28 11:34:23,,0.0 revolutions_per_minute,11.7 volt,64 degree_Celsius,0.0 kilometer_per_hour,N/A,0.455 volt
2024-11-28 11:34:25,,0.0 revolutions_per_minute,11.8 volt,64 degree_Celsius,0.0 kilometer_per_hour,N/A,0.455 volt
2024-11-28 11:34:27,,0.0 revolutions_per_minute,11.7 volt,64 degree_Celsius,0.0 kilometer_per_hour,N/A,0.455 volt
2024-11-28 11:34:30,,0.0 revolutions_per_minute,11.7 volt,64 degree_Celsius,0.0 kilometer_per_hour,N/A,0.455 volt
2024-11-28 11:34:32,,0.0 revolutions_per_minute,11.8 volt,64 degree_Celsius,0.0 kilometer_per_hour,N/A,0.455 volt
2024-11-28 11:34:34,,0.0 revolutions_per_minute,11.8 volt,64 degree_Celsius,0.0 kilometer_per_hour,N/A,0.455 volt
2024-11-28 11:34:36,,0.0 revolutions_per_minute,11.7 volt,64 degree_Celsius,0.0 kilometer_per_hour,N/A,0.455 volt
2024-11-28 11:34:38,,0.0 revolutions_per_minute,11.8 volt,64 degree_Celsius,0.0 kilometer_per_hour,N/A,0.455 volt
2024-11-28 11:34:41,,0.0 revolutions_per_minute,11.7 volt,64 degree_Celsius,0.0 kilometer_per_hour,N/A,0.455 volt
2024-11-28 11:34:43,,0.0 revolutions_per_minute,11.7 volt,64 degree_Celsius,0.0 kilometer_per_hour,N/A,0.455 volt
2024-11-28 11:34:45,,0.0 revolutions_per_minute,11.7 volt,64 degree_Celsius,0.0 kilometer_per_hour,N/A,0.455 volt
2024-11-28 11:34:47,,0.0 revolutions_per_minute,11.7 volt,64 degree_Celsius,0.0 kilometer_per_hour,N/A,0.455 volt
2024-11-28 11:34:49,,0.0 revolutions_per_minute,11.7 volt,64 degree_Celsius,0.0 kilometer_per_hour,N/A,0.455 volt
2024-11-28 11:34:52,,0.0 revolutions_per_minute,11.7 volt,64 degree_Celsius,0.0 kilometer_per_hour,N/A,0.455 volt
2024-11-28 11:34:54,,0.0 revolutions_per_minute,11.8 volt,64 degree_Celsius,0.0 kilometer_per_hour,N/A,0.455 volt
2024-11-28 11:34:56,,0.0 revolutions_per_minute,11.7 volt,64 degree_Celsius,0.0 kilometer_per_hour,N/A,0.455 volt
2024-11-28 11:34:58,,0.0 revolutions_per_minute,11.8 volt,64 degree_Celsius,0.0 kilometer_per_hour,N/A,0.455 volt
2024-11-28 11:35:00,,0.0 revolutions_per_minute,11.7 volt,64 degree_Celsius,0.0 kilometer_per_hour,N/A,0.455 volt
2024-11-28 11:35:03,,0.0 revolutions_per_minute,11.7 volt,64 degree_Celsius,0.0 kilometer_per_hour,N/A,0.455 volt
2024-11-28 11:35:05,,0.0 revolutions_per_minute,11.8 volt,64 degree_Celsius,0.0 kilometer_per_hour,N/A,0.455 volt
2024-11-28 11:35:07,,0.0 revolutions_per_minute,11.7 volt,64 degree_Celsius,0.0 kilometer_per_hour,N/A,0.455 volt
2024-11-28 11:35:09,,0.0 revolutions_per_minute,11.7 volt,63 degree_Celsius,0.0 kilometer_per_hour,N/A,0.455 volt
2024-11-28 11:35:11,,0.0 revolutions_per_minute,11.8 volt,63 degree_Celsius,0.0 kilometer_per_hour,N/A,0.455 volt
2024-11-28 11:35:14,,0.0 revolutions_per_minute,11.7 volt,63 degree_Celsius,0.0 kilometer_per_hour,N/A,0.455 volt
2024-11-28 11:35:16,,0.0 revolutions_per_minute,11.7 volt,63 degree_Celsius,0.0 kilometer_per_hour,N/A,0.455 volt
2024-11-28 11:35:18,,0.0 revolutions_per_minute,11.8 volt,63 degree_Celsius,0.0 kilometer_per_hour,N/A,0.455 volt
2024-11-28 11:35:21,,0.0 revolutions_per_minute,11.7 volt,63 degree_Celsius,0.0 kilometer_per_hour,N/A,0.455 volt
2024-11-28 11:35:23,,0.0 revolutions_per_minute,11.7 volt,63 degree_Celsius,0.0 kilometer_per_hour,N/A,0.455 volt
2024-11-28 11:35:25,,0.0 revolutions_per_minute,11.7 volt,63 degree_Celsius,0.0 kilometer_per_hour,N/A,0.455 volt
2024-11-28 11:35:27,,0.0 revolutions_per_minute,11.8 volt,63 degree_Celsius,0.0 kilometer_per_hour,N/A,0.455 volt
2024-11-28 11:35:30,,0.0 revolutions_per_minute,11.7 volt,63 degree_Celsius,0.0 kilometer_per_hour,N/A,0.455 volt
2024-11-28 11:35:32,,0.0 revolutions_per_minute,11.7 volt,63 degree_Celsius,0.0 kilometer_per_hour,N/A,0.455 volt
2024-11-28 11:35:34,,0.0 revolutions_per_minute,11.7 volt,63 degree_Celsius,0.0 kilometer_per_hour,N/A,0.455 volt
2024-11-28 11:35:36,,0.0 revolutions_per_minute,11.7 volt,63 degree_Celsius,0.0 kilometer_per_hour,N/A,0.455 volt
2024-11-28 11:35:38,,0.0 revolutions_per_minute,11.7 volt,63 degree_Celsius,0.0 kilometer_per_hour,N/A,0.455 volt
2024-11-28 11:35:41,,0.0 revolutions_per_minute,11.8 volt,63 degree_Celsius,0.0 kilometer_per_hour,N/A,0.455 volt
2024-11-28 11:35:43,,0.0 revolutions_per_minute,11.7 volt,63 degree_Celsius,0.0 kilometer_per_hour,N/A,0.455 volt
2024-11-28 11:35:45,,0.0 revolutions_per_minute,11.7 volt,63 degree_Celsius,0.0 kilometer_per_hour,N/A,0.455 volt
2024-11-28 11:35:47,,0.0 revolutions_per_minute,11.7 volt,63 degree_Celsius,0.0 kilometer_per_hour,N/A,0.455 volt
2024-11-28 11:35:50,,0.0 revolutions_per_minute,11.7 volt,63 degree_Celsius,0.0 kilometer_per_hour,N/A,0.455 volt
2024-11-28 11:35:52,,0.0 revolutions_per_minute,11.7 volt,63 degree_Celsius,0.0 kilometer_per_hour,N/A,0.455 volt
2024-11-28 11:35:54,,0.0 revolutions_per_minute,11.8 volt,63 degree_Celsius,0.0 kilometer_per_hour,N/A,0.455 volt
2024-11-28 11:35:56,,0.0 revolutions_per_minute,11.7 volt,63 degree_Celsius,0.0 kilometer_per_hour,N/A,0.455 volt
2024-11-28 11:35:58,,0.0 revolutions_per_minute,11.7 volt,63 degree_Celsius,0.0 kilometer_per_hour,N/A,0.455 volt
2024-11-28 11:36:01,,0.0 revolutions_per_minute,11.7 volt,63 degree_Celsius,0.0 kilometer_per_hour,N/A,0.455 volt
2024-11-28 11:36:03,,0.0 revolutions_per_minute,11.7 volt,63 degree_Celsius,0.0 kilometer_per_hour,N/A,0.455 volt
2024-11-28 11:36:05,,0.0 revolutions_per_minute,11.8 volt,63 degree_Celsius,0.0 kilometer_per_hour,N/A,0.455 volt
2024-11-28 11:36:07,,0.0 revolutions_per_minute,11.7 volt,63 degree_Celsius,0.0 kilometer_per_hour,N/A,0.455 volt
2024-11-28 11:36:09,,0.0 revolutions_per_minute,11.7 volt,63 degree_Celsius,0.0 kilometer_per_hour,N/A,0.455 volt
2024-11-28 11:36:12,,0.0 revolutions_per_minute,11.7 volt,63 degree_Celsius,0.0 kilometer_per_hour,N/A,0.455 volt
2024-11-28 11:36:14,,0.0 revolutions_per_minute,11.7 volt,63 degree_Celsius,0.0 kilometer_per_hour,N/A,0.455 volt
2024-11-28 11:36:16,,0.0 revolutions_per_minute,11.7 volt,63 degree_Celsius,0.0 kilometer_per_hour,N/A,0.455 volt
2024-11-28 11:36:18,,0.0 revolutions_per_minute,11.7 volt,63 degree_Celsius,0.0 kilometer_per_hour,N/A,0.455 volt
2024-11-28 11:36:21,,0.0 revolutions_per_minute,11.8 volt,63 degree_Celsius,0.0 kilometer_per_hour,N/A,0.455 volt
2024-11-28 11:36:23,,0.0 revolutions_per_minute,11.7 volt,63 degree_Celsius,0.0 kilometer_per_hour,N/A,0.455 volt
2024-11-28 11:36:25,,0.0 revolutions_per_minute,11.7 volt,63 degree_Celsius,0.0 kilometer_per_hour,N/A,0.455 volt
2024-11-28 11:36:27,,0.0 revolutions_per_minute,11.7 volt,63 degree_Celsius,0.0 kilometer_per_hour,N/A,0.455 volt
2024-11-28 11:36:29,,0.0 revolutions_per_minute,11.7 volt,63 degree_Celsius,0.0 kilometer_per_hour,N/A,0.455 volt
2024-11-28 11:36:32,,0.0 revolutions_per_minute,11.7 volt,63 degree_Celsius,0.0 kilometer_per_hour,N/A,0.455 volt
2024-11-28 11:36:34,,0.0 revolutions_per_minute,11.7 volt,63 degree_Celsius,0.0 kilometer_per_hour,N/A,0.455 volt
2024-11-28 11:36:36,,0.0 revolutions_per_minute,11.7 volt,63 degree_Celsius,0.0 kilometer_per_hour,N/A,0.455 volt
2024-11-28 11:36:38,,0.0 revolutions_per_minute,11.7 volt,63 degree_Celsius,0.0 kilometer_per_hour,N/A,0.455 volt
2024-11-28 11:36:40,,0.0 revolutions_per_minute,11.7 volt,63 degree_Celsius,0.0 kilometer_per_hour,N/A,0.455 volt
2024-11-28 11:36:43,,0.0 revolutions_per_minute,11.7 volt,63 degree_Celsius,0.0 kilometer_per_hour,N/A,0.455 volt
2024-11-28 11:36:45,,0.0 revolutions_per_minute,11.7 volt,63 degree_Celsius,0.0 kilometer_per_hour,N/A,0.455 volt
2024-11-28 11:36:47,,0.0 revolutions_per_minute,11.7 volt,63 degree_Celsius,0.0 kilometer_per_hour,N/A,0.455 volt
2024-11-28 11:36:49,,0.0 revolutions_per_minute,11.7 volt,63 degree_Celsius,0.0 kilometer_per_hour,N/A,0.455 volt
2024-11-28 11:36:51,,0.0 revolutions_per_minute,11.7 volt,63 degree_Celsius,0.0 kilometer_per_hour,N/A,0.455 volt
2024-11-28 11:36:54,,0.0 revolutions_per_minute,11.7 volt,63 degree_Celsius,0.0 kilometer_per_hour,N/A,0.455 volt
2024-11-28 11:36:56,,0.0 revolutions_per_minute,11.7 volt,63 degree_Celsius,0.0 kilometer_per_hour,N/A,0.455 volt
2024-11-28 11:36:58,,0.0 revolutions_per_minute,11.8 volt,63 degree_Celsius,0.0 kilometer_per_hour,N/A,0.455 volt
2024-11-28 11:37:00,,0.0 revolutions_per_minute,11.8 volt,63 degree_Celsius,0.0 kilometer_per_hour,N/A,0.455 volt
2024-11-28 11:37:02,,0.0 revolutions_per_minute,11.7 volt,63 degree_Celsius,0.0 kilometer_per_hour,N/A,0.455 volt
2024-11-28 11:37:05,,0.0 revolutions_per_minute,11.7 volt,63 degree_Celsius,0.0 kilometer_per_hour,N/A,0.455 volt
2024-11-28 11:37:07,,0.0 revolutions_per_minute,11.7 volt,63 degree_Celsius,0.0 kilometer_per_hour,N/A,0.455 volt
2024-11-28 11:37:09,,0.0 revolutions_per_minute,11.7 volt,63 degree_Celsius,0.0 kilometer_per_hour,N/A,0.455 volt
2024-11-28 11:37:11,,0.0 revolutions_per_minute,11.7 volt,63 degree_Celsius,0.0 kilometer_per_hour,N/A,0.455 volt
2024-11-28 11:37:14,,0.0 revolutions_per_minute,11.7 volt,63 degree_Celsius,0.0 kilometer_per_hour,N/A,0.455 volt
2024-11-28 11:37:16,,0.0 revolutions_per_minute,11.7 volt,63 degree_Celsius,0.0 kilometer_per_hour,N/A,0.455 volt
2024-11-28 11:37:18,,0.0 revolutions_per_minute,11.7 volt,63 degree_Celsius,0.0 kilometer_per_hour,N/A,0.455 volt
2024-11-28 11:37:20,,0.0 revolutions_per_minute,11.7 volt,63 degree_Celsius,0.0 kilometer_per_hour,N/A,0.455 volt
2024-11-28 11:37:22,,0.0 revolutions_per_minute,11.7 volt,63 degree_Celsius,0.0 kilometer_per_hour,N/A,0.455 volt
2024-11-28 11:37:25,,0.0 revolutions_per_minute,11.8 volt,63 degree_Celsius,0.0 kilometer_per_hour,N/A,0.455 volt
2024-11-28 11:37:27,,0.0 revolutions_per_minute,11.7 volt,63 degree_Celsius,0.0 kilometer_per_hour,N/A,0.455 volt
2024-11-28 11:37:29,,0.0 revolutions_per_minute,11.7 volt,63 degree_Celsius,0.0 kilometer_per_hour,N/A,0.455 volt
2024-11-28 11:37:31,,0.0 revolutions_per_minute,11.7 volt,63 degree_Celsius,0.0 kilometer_per_hour,N/A,0.455 volt
2024-11-28 11:37:34,,0.0 revolutions_per_minute,11.7 volt,63 degree_Celsius,0.0 kilometer_per_hour,N/A,0.455 volt
2024-11-28 11:37:36,,0.0 revolutions_per_minute,11.7 volt,63 degree_Celsius,0.0 kilometer_per_hour,N/A,0.455 volt
2024-11-28 11:37:38,,0.0 revolutions_per_minute,11.7 volt,63 degree_Celsius,0.0 kilometer_per_hour,N/A,0.455 volt
2024-11-28 11:37:40,,0.0 revolutions_per_minute,11.7 volt,63 degree_Celsius,0.0 kilometer_per_hour,N/A,0.455 volt
2024-11-28 11:37:43,,0.0 revolutions_per_minute,11.8 volt,63 degree_Celsius,0.0 kilometer_per_hour,N/A,0.455 volt
2024-11-28 11:37:45,,0.0 revolutions_per_minute,11.7 volt,63 degree_Celsius,0.0 kilometer_per_hour,N/A,0.455 volt
2024-11-28 11:37:47,,0.0 revolutions_per_minute,11.7 volt,63 degree_Celsius,0.0 kilometer_per_hour,N/A,0.455 volt
2024-11-28 11:37:49,,0.0 revolutions_per_minute,11.7 volt,63 degree_Celsius,0.0 kilometer_per_hour,N/A,0.455 volt
2024-11-28 11:37:51,,0.0 revolutions_per_minute,11.7 volt,63 degree_Celsius,0.0 kilometer_per_hour,N/A,0.455 volt
2024-11-28 11:37:54,,0.0 revolutions_per_minute,11.7 volt,63 degree_Celsius,0.0 kilometer_per_hour,N/A,0.455 volt
2024-11-28 11:37:56,,0.0 revolutions_per_minute,11.8 volt,63 degree_Celsius,0.0 kilometer_per_hour,N/A,0.455 volt
2024-11-28 11:37:58,,0.0 revolutions_per_minute,11.7 volt,63 degree_Celsius,0.0 kilometer_per_hour,N/A,0.455 volt
2024-11-28 11:38:00,,0.0 revolutions_per_minute,11.7 volt,63 degree_Celsius,0.0 kilometer_per_hour,N/A,0.455 volt
2024-11-28 11:38:02,,0.0 revolutions_per_minute,11.7 volt,63 degree_Celsius,0.0 kilometer_per_hour,N/A,0.455 volt
2024-11-28 11:38:05,,0.0 revolutions_per_minute,11.7 volt,63 degree_Celsius,0.0 kilometer_per_hour,N/A,0.455 volt
2024-11-28 11:38:07,,0.0 revolutions_per_minute,11.7 volt,63 degree_Celsius,0.0 kilometer_per_hour,N/A,0.455 volt
2024-11-28 11:38:09,,0.0 revolutions_per_minute,11.7 volt,63 degree_Celsius,0.0 kilometer_per_hour,N/A,0.455 volt
2024-11-28 11:38:11,,0.0 revolutions_per_minute,11.7 volt,63 degree_Celsius,0.0 kilometer_per_hour,N/A,0.455 volt
2024-11-28 11:38:14,,0.0 revolutions_per_minute,11.8 volt,63 degree_Celsius,0.0 kilometer_per_hour,N/A,0.455 volt
2024-11-28 11:38:16,,0.0 revolutions_per_minute,11.7 volt,63 degree_Celsius,0.0 kilometer_per_hour,N/A,0.455 volt
2024-11-28 11:38:18,,0.0 revolutions_per_minute,11.7 volt,63 degree_Celsius,0.0 kilometer_per_hour,N/A,0.455 volt
2024-11-28 11:38:20,,0.0 revolutions_per_minute,11.7 volt,63 degree_Celsius,0.0 kilometer_per_hour,N/A,0.455 volt
2024-11-28 11:38:22,,0.0 revolutions_per_minute,11.7 volt,63 degree_Celsius,0.0 kilometer_per_hour,N/A,0.455 volt
2024-11-28 11:38:25,,0.0 revolutions_per_minute,11.7 volt,62 degree_Celsius,0.0 kilometer_per_hour,N/A,0.455 volt
2024-11-28 11:38:27,,0.0 revolutions_per_minute,11.7 volt,62 degree_Celsius,0.0 kilometer_per_hour,N/A,0.455 volt
2024-11-28 11:38:29,,0.0 revolutions_per_minute,11.7 volt,62 degree_Celsius,0.0 kilometer_per_hour,N/A,0.455 volt
2024-11-28 11:38:31,,0.0 revolutions_per_minute,11.7 volt,62 degree_Celsius,0.0 kilometer_per_hour,N/A,0.455 volt
2024-11-28 11:38:34,,0.0 revolutions_per_minute,11.7 volt,62 degree_Celsius,0.0 kilometer_per_hour,N/A,0.455 volt
2024-11-28 11:38:36,,0.0 revolutions_per_minute,11.7 volt,62 degree_Celsius,0.0 kilometer_per_hour,N/A,0.455 volt
2024-11-28 11:38:38,,0.0 revolutions_per_minute,11.7 volt,62 degree_Celsius,0.0 kilometer_per_hour,N/A,0.455 volt
2024-11-28 11:38:40,,0.0 revolutions_per_minute,11.8 volt,62 degree_Celsius,0.0 kilometer_per_hour,N/A,0.455 volt
2024-11-28 11:38:42,,0.0 revolutions_per_minute,11.7 volt,62 degree_Celsius,0.0 kilometer_per_hour,N/A,0.455 volt
2024-11-28 11:38:45,,0.0 revolutions_per_minute,11.7 volt,62 degree_Celsius,0.0 kilometer_per_hour,N/A,0.455 volt
2024-11-28 11:38:47,,0.0 revolutions_per_minute,11.7 volt,62 degree_Celsius,0.0 kilometer_per_hour,N/A,0.455 volt
2024-11-28 11:38:49,,0.0 revolutions_per_minute,11.7 volt,62 degree_Celsius,0.0 kilometer_per_hour,N/A,0.455 volt
2024-11-28 11:38:51,,0.0 revolutions_per_minute,11.7 volt,62 degree_Celsius,0.0 kilometer_per_hour,N/A,0.455 volt
2024-11-28 11:38:53,,0.0 revolutions_per_minute,11.7 volt,62 degree_Celsius,0.0 kilometer_per_hour,N/A,0.455 volt
2024-11-28 11:38:56,,0.0 revolutions_per_minute,11.7 volt,62 degree_Celsius,0.0 kilometer_per_hour,N/A,0.455 volt
2024-11-28 11:38:58,,0.0 revolutions_per_minute,11.7 volt,62 degree_Celsius,0.0 kilometer_per_hour,N/A,0.455 volt
2024-11-28 11:39:00,,0.0 revolutions_per_minute,11.7 volt,62 degree_Celsius,0.0 kilometer_per_hour,N/A,0.455 volt
2024-11-28 11:39:02,,0.0 revolutions_per_minute,11.7 volt,62 degree_Celsius,0.0 kilometer_per_hour,N/A,0.455 volt
2024-11-28 11:39:04,,0.0 revolutions_per_minute,11.7 volt,62 degree_Celsius,0.0 kilometer_per_hour,N/A,0.455 volt
2024-11-28 11:39:07,,0.0 revolutions_per_minute,11.7 volt,62 degree_Celsius,0.0 kilometer_per_hour,N/A,0.455 volt
2024-11-28 11:39:09,,0.0 revolutions_per_minute,11.7 volt,62 degree_Celsius,0.0 kilometer_per_hour,N/A,0.455 volt
2024-11-28 11:39:11,,0.0 revolutions_per_minute,11.7 volt,62 degree_Celsius,0.0 kilometer_per_hour,N/A,0.455 volt
2024-11-28 11:39:13,,0.0 revolutions_per_minute,11.7 volt,62 degree_Celsius,0.0 kilometer_per_hour,N/A,0.455 volt
2024-11-28 11:39:15,,0.0 revolutions_per_minute,11.7 volt,62 degree_Celsius,0.0 kilometer_per_hour,N/A,0.455 volt
2024-11-28 11:39:18,,0.0 revolutions_per_minute,11.7 volt,62 degree_Celsius,0.0 kilometer_per_hour,N/A,0.455 volt
2024-11-28 11:39:20,,0.0 revolutions_per_minute,11.7 volt,62 degree_Celsius,0.0 kilometer_per_hour,N/A,0.455 volt
2024-11-28 11:39:22,,0.0 revolutions_per_minute,11.7 volt,62 degree_Celsius,0.0 kilometer_per_hour,N/A,0.455 volt
2024-11-28 11:39:24,,0.0 revolutions_per_minute,11.7 volt,62 degree_Celsius,0.0 kilometer_per_hour,N/A,0.455 volt
2024-11-28 11:39:26,,0.0 revolutions_per_minute,11.7 volt,62 degree_Celsius,0.0 kilometer_per_hour,N/A,0.455 volt
2024-11-28 11:39:28,,0.0 revolutions_per_minute,11.7 volt,62 degree_Celsius,0.0 kilometer_per_hour,N/A,0.455 volt
2024-11-28 11:39:31,,0.0 revolutions_per_minute,11.7 volt,62 degree_Celsius,0.0 kilometer_per_hour,N/A,0.455 volt
2024-11-28 11:39:33,,0.0 revolutions_per_minute,11.7 volt,62 degree_Celsius,0.0 kilometer_per_hour,N/A,0.455 volt
2024-11-28 11:39:35,,0.0 revolutions_per_minute,11.7 volt,62 degree_Celsius,0.0 kilometer_per_hour,N/A,0.455 volt
2024-11-28 11:39:37,,0.0 revolutions_per_minute,11.7 volt,62 degree_Celsius,0.0 kilometer_per_hour,N/A,0.455 volt
2024-11-28 11:39:40,,0.0 revolutions_per_minute,11.7 volt,62 degree_Celsius,0.0 kilometer_per_hour,N/A,0.455 volt
2024-11-28 11:39:42,,0.0 revolutions_per_minute,11.7 volt,62 degree_Celsius,0.0 kilometer_per_hour,N/A,0.455 volt
2024-11-28 11:39:44,,0.0 revolutions_per_minute,11.7 volt,62 degree_Celsius,0.0 kilometer_per_hour,N/A,0.455 volt
2024-11-28 11:39:46,,0.0 revolutions_per_minute,11.7 volt,61 degree_Celsius,0.0 kilometer_per_hour,N/A,0.455 volt
2024-11-28 11:39:48,,0.0 revolutions_per_minute,11.7 volt,61 degree_Celsius,0.0 kilometer_per_hour,N/A,0.455 volt
2024-11-28 11:39:51,,0.0 revolutions_per_minute,11.7 volt,61 degree_Celsius,0.0 kilometer_per_hour,N/A,0.455 volt
2024-11-28 11:39:53,,0.0 revolutions_per_minute,11.7 volt,61 degree_Celsius,0.0 kilometer_per_hour,N/A,0.455 volt
2024-11-28 11:39:55,,0.0 revolutions_per_minute,11.7 volt,61 degree_Celsius,0.0 kilometer_per_hour,N/A,0.455 volt
2024-11-28 11:39:57,,0.0 revolutions_per_minute,11.7 volt,61 degree_Celsius,0.0 kilometer_per_hour,N/A,0.455 volt
2024-11-28 11:39:59,,0.0 revolutions_per_minute,11.8 volt,61 degree_Celsius,0.0 kilometer_per_hour,N/A,0.455 volt
2024-11-28 11:40:02,,0.0 revolutions_per_minute,11.7 volt,61 degree_Celsius,0.0 kilometer_per_hour,N/A,0.455 volt
2024-11-28 11:40:04,,0.0 revolutions_per_minute,11.7 volt,61 degree_Celsius,0.0 kilometer_per_hour,N/A,0.455 volt
2024-11-28 11:40:06,,0.0 revolutions_per_minute,11.7 volt,61 degree_Celsius,0.0 kilometer_per_hour,N/A,0.455 volt
2024-11-28 11:40:08,,0.0 revolutions_per_minute,11.7 volt,61 degree_Celsius,0.0 kilometer_per_hour,N/A,0.455 volt
2024-11-28 11:40:10,,0.0 revolutions_per_minute,11.7 volt,61 degree_Celsius,0.0 kilometer_per_hour,N/A,0.455 volt
2024-11-28 11:40:13,,0.0 revolutions_per_minute,11.7 volt,61 degree_Celsius,0.0 kilometer_per_hour,N/A,0.455 volt
2024-11-28 11:40:15,,0.0 revolutions_per_minute,11.7 volt,61 degree_Celsius,0.0 kilometer_per_hour,N/A,0.455 volt
2024-11-28 11:40:17,,0.0 revolutions_per_minute,11.7 volt,61 degree_Celsius,0.0 kilometer_per_hour,N/A,0.455 volt
2024-11-28 11:40:19,,0.0 revolutions_per_minute,11.7 volt,61 degree_Celsius,0.0 kilometer_per_hour,N/A,0.455 volt
2024-11-28 11:40:21,,0.0 revolutions_per_minute,11.7 volt,61 degree_Celsius,0.0 kilometer_per_hour,N/A,0.455 volt
2024-11-28 11:40:24,,0.0 revolutions_per_minute,11.7 volt,61 degree_Celsius,0.0 kilometer_per_hour,N/A,0.455 volt
2024-11-28 11:40:26,,0.0 revolutions_per_minute,11.7 volt,61 degree_Celsius,0.0 kilometer_per_hour,N/A,0.455 volt
2024-11-28 11:40:28,,0.0 revolutions_per_minute,11.7 volt,61 degree_Celsius,0.0 kilometer_per_hour,N/A,0.455 volt
2024-11-28 11:40:30,,0.0 revolutions_per_minute,11.7 volt,61 degree_Celsius,0.0 kilometer_per_hour,N/A,0.455 volt
2024-11-28 11:40:32,,0.0 revolutions_per_minute,11.7 volt,61 degree_Celsius,0.0 kilometer_per_hour,N/A,0.455 volt
2024-11-28 11:40:35,,0.0 revolutions_per_minute,11.7 volt,61 degree_Celsius,0.0 kilometer_per_hour,N/A,0.455 volt
2024-11-28 11:40:37,,0.0 revolutions_per_minute,11.7 volt,61 degree_Celsius,0.0 kilometer_per_hour,N/A,0.455 volt
2024-11-28 11:40:39,,0.0 revolutions_per_minute,11.7 volt,61 degree_Celsius,0.0 kilometer_per_hour,N/A,0.455 volt
2024-11-28 11:40:41,,0.0 revolutions_per_minute,11.7 volt,61 degree_Celsius,0.0 kilometer_per_hour,N/A,0.455 volt
2024-11-28 11:40:43,,0.0 revolutions_per_minute,11.7 volt,61 degree_Celsius,0.0 kilometer_per_hour,N/A,0.455 volt
2024-11-28 11:40:46,,0.0 revolutions_per_minute,11.7 volt,61 degree_Celsius,0.0 kilometer_per_hour,N/A,0.455 volt
2024-11-28 11:40:48,,0.0 revolutions_per_minute,11.7 volt,61 degree_Celsius,0.0 kilometer_per_hour,N/A,0.455 volt
2024-11-28 11:40:50,,0.0 revolutions_per_minute,11.7 volt,61 degree_Celsius,0.0 kilometer_per_hour,N/A,0.455 volt
2024-11-28 11:40:52,,0.0 revolutions_per_minute,11.7 volt,61 degree_Celsius,0.0 kilometer_per_hour,N/A,0.455 volt
2024-11-28 11:40:54,,0.0 revolutions_per_minute,11.7 volt,61 degree_Celsius,0.0 kilometer_per_hour,N/A,0.455 volt
2024-11-28 11:40:57,,0.0 revolutions_per_minute,11.7 volt,61 degree_Celsius,0.0 kilometer_per_hour,N/A,0.455 volt
2024-11-28 11:40:59,,0.0 revolutions_per_minute,11.7 volt,61 degree_Celsius,0.0 kilometer_per_hour,N/A,0.455 volt
2024-11-28 11:41:01,,0.0 revolutions_per_minute,11.7 volt,61 degree_Celsius,0.0 kilometer_per_hour,N/A,0.455 volt
2024-11-28 11:41:03,,0.0 revolutions_per_minute,11.7 volt,61 degree_Celsius,0.0 kilometer_per_hour,N/A,0.455 volt
2024-11-28 11:41:05,,0.0 revolutions_per_minute,11.7 volt,61 degree_Celsius,0.0 kilometer_per_hour,N/A,0.455 volt
2024-11-28 11:41:08,,0.0 revolutions_per_minute,11.7 volt,61 degree_Celsius,0.0 kilometer_per_hour,N/A,0.455 volt
2024-11-28 11:41:10,,0.0 revolutions_per_minute,11.7 volt,61 degree_Celsius,0.0 kilometer_per_hour,N/A,0.455 volt
2024-11-28 11:41:12,,0.0 revolutions_per_minute,11.7 volt,61 degree_Celsius,0.0 kilometer_per_hour,N/A,0.455 volt
2024-11-28 11:41:14,,0.0 revolutions_per_minute,11.7 volt,61 degree_Celsius,0.0 kilometer_per_hour,N/A,0.455 volt
2024-11-28 11:41:16,,0.0 revolutions_per_minute,11.8 volt,61 degree_Celsius,0.0 kilometer_per_hour,N/A,0.455 volt
2024-11-28 11:41:19,,0.0 revolutions_per_minute,11.7 volt,61 degree_Celsius,0.0 kilometer_per_hour,N/A,0.455 volt
2024-11-28 11:41:21,,0.0 revolutions_per_minute,11.7 volt,61 degree_Celsius,0.0 kilometer_per_hour,N/A,0.455 volt
2024-11-28 11:41:23,,0.0 revolutions_per_minute,11.7 volt,61 degree_Celsius,0.0 kilometer_per_hour,N/A,0.455 volt
2024-11-28 11:41:25,,0.0 revolutions_per_minute,11.8 volt,61 degree_Celsius,0.0 kilometer_per_hour,N/A,0.455 volt
2024-11-28 11:41:28,,0.0 revolutions_per_minute,11.7 volt,61 degree_Celsius,0.0 kilometer_per_hour,N/A,0.455 volt
2024-11-28 11:41:30,,0.0 revolutions_per_minute,11.7 volt,60 degree_Celsius,0.0 kilometer_per_hour,N/A,0.455 volt
2024-11-28 11:41:32,,0.0 revolutions_per_minute,11.7 volt,60 degree_Celsius,0.0 kilometer_per_hour,N/A,0.455 volt
2024-11-28 11:41:34,,0.0 revolutions_per_minute,11.7 volt,60 degree_Celsius,0.0 kilometer_per_hour,N/A,0.455 volt
2024-11-28 11:41:37,,0.0 revolutions_per_minute,11.7 volt,60 degree_Celsius,0.0 kilometer_per_hour,N/A,0.455 volt
2024-11-28 11:41:39,,0.0 revolutions_per_minute,11.7 volt,60 degree_Celsius,0.0 kilometer_per_hour,N/A,0.455 volt
2024-11-28 11:41:41,,0.0 revolutions_per_minute,11.7 volt,60 degree_Celsius,0.0 kilometer_per_hour,N/A,0.455 volt
2024-11-28 11:41:43,,0.0 revolutions_per_minute,11.7 volt,60 degree_Celsius,0.0 kilometer_per_hour,N/A,0.455 volt
2024-11-28 11:41:45,,0.0 revolutions_per_minute,11.7 volt,60 degree_Celsius,0.0 kilometer_per_hour,N/A,0.455 volt
2024-11-28 11:41:48,,0.0 revolutions_per_minute,11.7 volt,60 degree_Celsius,0.0 kilometer_per_hour,N/A,0.455 volt
2024-11-28 11:41:50,,0.0 revolutions_per_minute,11.7 volt,60 degree_Celsius,0.0 kilometer_per_hour,N/A,0.455 volt
2024-11-28 11:41:52,,0.0 revolutions_per_minute,11.7 volt,60 degree_Celsius,0.0 kilometer_per_hour,N/A,0.455 volt
2024-11-28 11:41:54,,0.0 revolutions_per_minute,11.7 volt,60 degree_Celsius,0.0 kilometer_per_hour,N/A,0.455 volt
2024-11-28 11:41:56,,0.0 revolutions_per_minute,11.7 volt,60 degree_Celsius,0.0 kilometer_per_hour,N/A,0.455 volt
2024-11-28 11:41:59,,0.0 revolutions_per_minute,11.7 volt,60 degree_Celsius,0.0 kilometer_per_hour,N/A,0.455 volt
2024-11-28 11:42:01,,0.0 revolutions_per_minute,11.7 volt,60 degree_Celsius,0.0 kilometer_per_hour,N/A,0.455 volt
2024-11-28 11:42:03,,0.0 revolutions_per_minute,11.7 volt,60 degree_Celsius,0.0 kilometer_per_hour,N/A,0.455 volt
2024-11-28 11:42:05,,0.0 revolutions_per_minute,11.7 volt,60 degree_Celsius,0.0 kilometer_per_hour,N/A,0.455 volt
2024-11-28 11:42:07,,0.0 revolutions_per_minute,11.7 volt,60 degree_Celsius,0.0 kilometer_per_hour,N/A,0.455 volt
2024-11-28 11:42:10,,0.0 revolutions_per_minute,11.8 volt,60 degree_Celsius,0.0 kilometer_per_hour,N/A,0.455 volt
2024-11-28 11:42:12,,0.0 revolutions_per_minute,11.7 volt,60 degree_Celsius,0.0 kilometer_per_hour,N/A,0.455 volt
2024-11-28 11:42:14,,0.0 revolutions_per_minute,11.7 volt,60 degree_Celsius,0.0 kilometer_per_hour,N/A,0.455 volt
2024-11-28 11:42:16,,0.0 revolutions_per_minute,11.7 volt,60 degree_Celsius,0.0 kilometer_per_hour,N/A,0.455 volt
2024-11-28 11:42:19,,0.0 revolutions_per_minute,11.7 volt,60 degree_Celsius,0.0 kilometer_per_hour,N/A,0.455 volt
2024-11-28 11:42:21,,0.0 revolutions_per_minute,11.7 volt,60 degree_Celsius,0.0 kilometer_per_hour,N/A,0.455 volt
2024-11-28 11:42:23,,0.0 revolutions_per_minute,11.7 volt,60 degree_Celsius,0.0 kilometer_per_hour,N/A,0.455 volt
2024-11-28 11:42:25,,0.0 revolutions_per_minute,11.7 volt,60 degree_Celsius,0.0 kilometer_per_hour,N/A,0.455 volt
2024-11-28 11:42:27,,0.0 revolutions_per_minute,11.7 volt,60 degree_Celsius,0.0 kilometer_per_hour,N/A,0.455 volt
2024-11-28 11:42:30,,0.0 revolutions_per_minute,11.7 volt,60 degree_Celsius,0.0 kilometer_per_hour,N/A,0.455 volt
2024-11-28 11:42:32,,0.0 revolutions_per_minute,11.7 volt,60 degree_Celsius,0.0 kilometer_per_hour,N/A,0.455 volt
2024-11-28 11:42:34,,0.0 revolutions_per_minute,11.7 volt,60 degree_Celsius,0.0 kilometer_per_hour,N/A,0.455 volt
2024-11-28 11:42:36,,0.0 revolutions_per_minute,11.7 volt,60 degree_Celsius,0.0 kilometer_per_hour,N/A,0.455 volt
2024-11-28 11:42:38,,0.0 revolutions_per_minute,11.7 volt,60 degree_Celsius,0.0 kilometer_per_hour,N/A,0.455 volt
2024-11-28 11:42:41,,0.0 revolutions_per_minute,11.7 volt,60 degree_Celsius,0.0 kilometer_per_hour,N/A,0.455 volt
2024-11-28 11:42:43,,0.0 revolutions_per_minute,11.7 volt,60 degree_Celsius,0.0 kilometer_per_hour,N/A,0.455 volt
2024-11-28 11:42:45,,0.0 revolutions_per_minute,11.7 volt,60 degree_Celsius,0.0 kilometer_per_hour,N/A,0.455 volt
2024-11-28 11:42:47,,0.0 revolutions_per_minute,11.7 volt,60 degree_Celsius,0.0 kilometer_per_hour,N/A,0.455 volt
2024-11-28 11:42:49,,0.0 revolutions_per_minute,11.7 volt,60 degree_Celsius,0.0 kilometer_per_hour,N/A,0.455 volt
2024-11-28 11:42:52,,0.0 revolutions_per_minute,11.7 volt,60 degree_Celsius,0.0 kilometer_per_hour,N/A,0.455 volt
2024-11-28 11:42:54,,0.0 revolutions_per_minute,11.7 volt,60 degree_Celsius,0.0 kilometer_per_hour,N/A,0.455 volt
2024-11-28 11:42:56,,0.0 revolutions_per_minute,11.7 volt,60 degree_Celsius,0.0 kilometer_per_hour,N/A,0.455 volt
2024-11-28 11:42:58,,0.0 revolutions_per_minute,11.7 volt,60 degree_Celsius,0.0 kilometer_per_hour,N/A,0.455 volt
2024-11-28 11:43:01,,0.0 revolutions_per_minute,11.7 volt,60 degree_Celsius,0.0 kilometer_per_hour,N/A,0.455 volt
2024-11-28 11:43:03,,0.0 revolutions_per_minute,11.8 volt,60 degree_Celsius,0.0 kilometer_per_hour,N/A,0.455 volt
2024-11-28 11:43:05,,0.0 revolutions_per_minute,11.7 volt,60 degree_Celsius,0.0 kilometer_per_hour,N/A,0.455 volt
2024-11-28 11:43:07,,0.0 revolutions_per_minute,11.7 volt,60 degree_Celsius,0.0 kilometer_per_hour,N/A,0.455 volt
2024-11-28 11:43:09,,0.0 revolutions_per_minute,11.7 volt,60 degree_Celsius,0.0 kilometer_per_hour,N/A,0.455 volt
2024-11-28 11:43:12,,0.0 revolutions_per_minute,11.7 volt,60 degree_Celsius,0.0 kilometer_per_hour,N/A,0.455 volt
2024-11-28 11:43:14,,0.0 revolutions_per_minute,11.7 volt,60 degree_Celsius,0.0 kilometer_per_hour,N/A,0.455 volt
2024-11-28 11:43:16,,0.0 revolutions_per_minute,11.7 volt,60 degree_Celsius,0.0 kilometer_per_hour,N/A,0.455 volt
2024-11-28 11:43:18,,0.0 revolutions_per_minute,11.7 volt,60 degree_Celsius,0.0 kilometer_per_hour,N/A,0.455 volt
2024-11-28 11:43:20,,0.0 revolutions_per_minute,11.7 volt,60 degree_Celsius,0.0 kilometer_per_hour,N/A,0.455 volt
2024-11-28 11:43:23,,0.0 revolutions_per_minute,11.7 volt,60 degree_Celsius,0.0 kilometer_per_hour,N/A,0.455 volt
2024-11-28 11:43:25,,0.0 revolutions_per_minute,11.7 volt,60 degree_Celsius,0.0 kilometer_per_hour,N/A,0.455 volt
2024-11-28 11:43:27,,0.0 revolutions_per_minute,11.7 volt,60 degree_Celsius,0.0 kilometer_per_hour,N/A,0.455 volt
2024-11-28 11:43:29,,0.0 revolutions_per_minute,11.7 volt,60 degree_Celsius,0.0 kilometer_per_hour,N/A,0.455 volt
2024-11-28 11:43:31,,0.0 revolutions_per_minute,11.7 volt,60 degree_Celsius,0.0 kilometer_per_hour,N/A,0.455 volt
2024-11-28 11:43:34,,0.0 revolutions_per_minute,11.7 volt,60 degree_Celsius,0.0 kilometer_per_hour,N/A,0.455 volt
2024-11-28 11:43:36,,0.0 revolutions_per_minute,11.7 volt,60 degree_Celsius,0.0 kilometer_per_hour,N/A,0.455 volt
2024-11-28 11:43:38,,0.0 revolutions_per_minute,11.7 volt,60 degree_Celsius,0.0 kilometer_per_hour,N/A,0.455 volt
2024-11-28 11:43:40,,0.0 revolutions_per_minute,11.7 volt,60 degree_Celsius,0.0 kilometer_per_hour,N/A,0.455 volt
2024-11-28 11:43:43,,0.0 revolutions_per_minute,11.7 volt,60 degree_Celsius,0.0 kilometer_per_hour,N/A,0.455 volt
2024-11-28 11:43:45,,0.0 revolutions_per_minute,11.7 volt,60 degree_Celsius,0.0 kilometer_per_hour,N/A,0.455 volt
2024-11-28 11:43:47,,0.0 revolutions_per_minute,11.7 volt,60 degree_Celsius,0.0 kilometer_per_hour,N/A,0.455 volt
2024-11-28 11:43:49,,0.0 revolutions_per_minute,11.7 volt,60 degree_Celsius,0.0 kilometer_per_hour,N/A,0.455 volt
2024-11-28 11:43:51,,0.0 revolutions_per_minute,11.7 volt,60 degree_Celsius,0.0 kilometer_per_hour,N/A,0.455 volt
2024-11-28 11:43:54,,0.0 revolutions_per_minute,11.7 volt,60 degree_Celsius,0.0 kilometer_per_hour,N/A,0.455 volt
2024-11-28 11:43:56,,0.0 revolutions_per_minute,11.7 volt,60 degree_Celsius,0.0 kilometer_per_hour,N/A,0.455 volt
2024-11-28 11:43:58,,0.0 revolutions_per_minute,11.7 volt,60 degree_Celsius,0.0 kilometer_per_hour,N/A,0.455 volt
2024-11-28 11:44:00,,0.0 revolutions_per_minute,11.7 volt,60 degree_Celsius,0.0 kilometer_per_hour,N/A,0.455 volt
2024-11-28 11:44:02,,0.0 revolutions_per_minute,11.7 volt,60 degree_Celsius,0.0 kilometer_per_hour,N/A,0.455 volt
2024-11-28 11:44:05,,0.0 revolutions_per_minute,11.7 volt,60 degree_Celsius,0.0 kilometer_per_hour,N/A,0.455 volt
2024-11-28 11:44:07,,0.0 revolutions_per_minute,11.7 volt,60 degree_Celsius,0.0 kilometer_per_hour,N/A,0.455 volt
2024-11-28 11:44:09,,0.0 revolutions_per_minute,11.7 volt,60 degree_Celsius,0.0 kilometer_per_hour,N/A,0.455 volt
2024-11-28 11:44:11,,0.0 revolutions_per_minute,11.7 volt,60 degree_Celsius,0.0 kilometer_per_hour,N/A,0.455 volt
2024-11-28 11:44:13,,0.0 revolutions_per_minute,11.7 volt,60 degree_Celsius,0.0 kilometer_per_hour,N/A,0.455 volt
2024-11-28 11:44:16,,0.0 revolutions_per_minute,11.7 volt,60 degree_Celsius,0.0 kilometer_per_hour,N/A,0.455 volt
2024-11-28 11:44:18,,0.0 revolutions_per_minute,11.7 volt,60 degree_Celsius,0.0 kilometer_per_hour,N/A,0.455 volt
2024-11-28 11:44:20,,0.0 revolutions_per_minute,11.7 volt,60 degree_Celsius,0.0 kilometer_per_hour,N/A,0.455 volt
2024-11-28 11:44:22,,0.0 revolutions_per_minute,11.7 volt,60 degree_Celsius,0.0 kilometer_per_hour,N/A,0.455 volt
2024-11-28 11:44:24,,0.0 revolutions_per_minute,11.7 volt,60 degree_Celsius,0.0 kilometer_per_hour,N/A,0.455 volt
2024-11-28 11:44:27,,0.0 revolutions_per_minute,11.7 volt,60 degree_Celsius,0.0 kilometer_per_hour,N/A,0.455 volt
2024-11-28 11:44:29,,0.0 revolutions_per_minute,11.7 volt,60 degree_Celsius,0.0 kilometer_per_hour,N/A,0.455 volt
2024-11-28 11:44:31,,0.0 revolutions_per_minute,11.7 volt,60 degree_Celsius,0.0 kilometer_per_hour,N/A,0.455 volt
2024-11-28 11:44:33,,0.0 revolutions_per_minute,11.7 volt,60 degree_Celsius,0.0 kilometer_per_hour,N/A,0.455 volt
2024-11-28 11:44:36,,0.0 revolutions_per_minute,11.7 volt,60 degree_Celsius,0.0 kilometer_per_hour,N/A,0.455 volt
2024-11-28 11:44:38,,0.0 revolutions_per_minute,11.7 volt,60 degree_Celsius,0.0 kilometer_per_hour,N/A,0.455 volt
2024-11-28 11:44:40,,0.0 revolutions_per_minute,11.7 volt,60 degree_Celsius,0.0 kilometer_per_hour,N/A,0.455 volt
2024-11-28 11:44:42,,0.0 revolutions_per_minute,11.7 volt,60 degree_Celsius,0.0 kilometer_per_hour,N/A,0.455 volt
2024-11-28 11:44:44,,0.0 revolutions_per_minute,11.7 volt,59 degree_Celsius,0.0 kilometer_per_hour,N/A,0.455 volt
2024-11-28 11:44:47,,0.0 revolutions_per_minute,11.7 volt,59 degree_Celsius,0.0 kilometer_per_hour,N/A,0.455 volt
2024-11-28 11:44:49,,0.0 revolutions_per_minute,11.7 volt,59 degree_Celsius,0.0 kilometer_per_hour,N/A,0.455 volt
2024-11-28 11:44:51,,0.0 revolutions_per_minute,11.7 volt,59 degree_Celsius,0.0 kilometer_per_hour,N/A,0.455 volt
2024-11-28 11:44:53,,0.0 revolutions_per_minute,11.7 volt,59 degree_Celsius,0.0 kilometer_per_hour,N/A,0.455 volt
2024-11-28 11:44:55,,0.0 revolutions_per_minute,11.7 volt,59 degree_Celsius,0.0 kilometer_per_hour,N/A,0.455 volt
2024-11-28 11:44:58,,0.0 revolutions_per_minute,11.7 volt,59 degree_Celsius,0.0 kilometer_per_hour,N/A,0.455 volt
2024-11-28 11:45:00,,0.0 revolutions_per_minute,11.7 volt,59 degree_Celsius,0.0 kilometer_per_hour,N/A,0.455 volt
2024-11-28 11:45:02,,0.0 revolutions_per_minute,11.7 volt,59 degree_Celsius,0.0 kilometer_per_hour,N/A,0.455 volt
2024-11-28 11:45:05,,0.0 revolutions_per_minute,11.7 volt,59 degree_Celsius,0.0 kilometer_per_hour,N/A,0.455 volt
2024-11-28 11:45:07,,0.0 revolutions_per_minute,11.7 volt,59 degree_Celsius,0.0 kilometer_per_hour,N/A,0.455 volt
2024-11-28 11:45:09,,0.0 revolutions_per_minute,11.7 volt,59 degree_Celsius,0.0 kilometer_per_hour,N/A,0.455 volt
2024-11-28 11:45:11,,0.0 revolutions_per_minute,11.7 volt,59 degree_Celsius,0.0 kilometer_per_hour,N/A,0.455 volt
2024-11-28 11:45:13,,0.0 revolutions_per_minute,11.7 volt,59 degree_Celsius,0.0 kilometer_per_hour,N/A,0.455 volt
2024-11-28 11:45:15,,0.0 revolutions_per_minute,11.7 volt,59 degree_Celsius,0.0 kilometer_per_hour,N/A,0.455 volt
2024-11-28 11:45:18,,0.0 revolutions_per_minute,11.7 volt,59 degree_Celsius,0.0 kilometer_per_hour,N/A,0.455 volt
2024-11-28 11:45:20,,0.0 revolutions_per_minute,11.7 volt,59 degree_Celsius,0.0 kilometer_per_hour,N/A,0.455 volt
2024-11-28 11:45:22,,0.0 revolutions_per_minute,11.7 volt,59 degree_Celsius,0.0 kilometer_per_hour,N/A,0.455 volt
2024-11-28 11:45:24,,0.0 revolutions_per_minute,11.7 volt,59 degree_Celsius,0.0 kilometer_per_hour,N/A,0.455 volt
2024-11-28 11:45:27,,0.0 revolutions_per_minute,11.7 volt,59 degree_Celsius,0.0 kilometer_per_hour,N/A,0.455 volt
2024-11-28 11:45:29,,0.0 revolutions_per_minute,11.7 volt,59 degree_Celsius,0.0 kilometer_per_hour,N/A,0.455 volt
2024-11-28 11:45:31,,0.0 revolutions_per_minute,11.7 volt,59 degree_Celsius,0.0 kilometer_per_hour,N/A,0.455 volt
2024-11-28 11:45:33,,0.0 revolutions_per_minute,11.7 volt,59 degree_Celsius,0.0 kilometer_per_hour,N/A,0.455 volt
2024-11-28 11:45:35,,0.0 revolutions_per_minute,11.7 volt,59 degree_Celsius,0.0 kilometer_per_hour,N/A,0.455 volt
2024-11-28 11:45:38,,0.0 revolutions_per_minute,11.7 volt,59 degree_Celsius,0.0 kilometer_per_hour,N/A,0.455 volt
2024-11-28 11:45:40,,0.0 revolutions_per_minute,11.7 volt,59 degree_Celsius,0.0 kilometer_per_hour,N/A,0.455 volt
2024-11-28 11:45:42,,0.0 revolutions_per_minute,11.7 volt,59 degree_Celsius,0.0 kilometer_per_hour,N/A,0.455 volt
2024-11-28 11:45:44,,0.0 revolutions_per_minute,11.7 volt,59 degree_Celsius,0.0 kilometer_per_hour,N/A,0.455 volt
2024-11-28 11:45:47,,0.0 revolutions_per_minute,11.7 volt,59 degree_Celsius,0.0 kilometer_per_hour,N/A,0.455 volt
2024-11-28 11:45:49,,0.0 revolutions_per_minute,11.7 volt,59 degree_Celsius,0.0 kilometer_per_hour,N/A,0.455 volt
2024-11-28 11:45:51,,0.0 revolutions_per_minute,11.7 volt,59 degree_Celsius,0.0 kilometer_per_hour,N/A,0.455 volt
2024-11-28 11:45:53,,0.0 revolutions_per_minute,11.7 volt,59 degree_Celsius,0.0 kilometer_per_hour,N/A,0.455 volt
2024-11-28 11:45:55,,0.0 revolutions_per_minute,11.7 volt,59 degree_Celsius,0.0 kilometer_per_hour,N/A,0.455 volt
2024-11-28 11:45:58,,0.0 revolutions_per_minute,11.7 volt,59 degree_Celsius,0.0 kilometer_per_hour,N/A,0.455 volt
2024-11-28 11:46:00,,0.0 revolutions_per_minute,11.7 volt,59 degree_Celsius,0.0 kilometer_per_hour,N/A,0.455 volt
2024-11-28 11:46:02,,0.0 revolutions_per_minute,11.7 volt,59 degree_Celsius,0.0 kilometer_per_hour,N/A,0.455 volt
2024-11-28 11:46:04,,0.0 revolutions_per_minute,11.7 volt,59 degree_Celsius,0.0 kilometer_per_hour,N/A,0.455 volt
2024-11-28 11:46:06,,0.0 revolutions_per_minute,11.7 volt,59 degree_Celsius,0.0 kilometer_per_hour,N/A,0.455 volt
2024-11-28 11:46:09,,0.0 revolutions_per_minute,11.7 volt,59 degree_Celsius,0.0 kilometer_per_hour,N/A,0.455 volt
2024-11-28 11:46:11,,0.0 revolutions_per_minute,11.7 volt,59 degree_Celsius,0.0 kilometer_per_hour,N/A,0.455 volt
2024-11-28 11:46:13,,0.0 revolutions_per_minute,11.7 volt,59 degree_Celsius,0.0 kilometer_per_hour,N/A,0.455 volt
2024-11-28 11:46:15,,0.0 revolutions_per_minute,11.7 volt,59 degree_Celsius,0.0 kilometer_per_hour,N/A,0.455 volt
2024-11-28 11:46:18,,0.0 revolutions_per_minute,11.7 volt,59 degree_Celsius,0.0 kilometer_per_hour,N/A,0.455 volt
2024-11-28 11:46:20,,0.0 revolutions_per_minute,11.7 volt,59 degree_Celsius,0.0 kilometer_per_hour,N/A,0.455 volt
2024-11-28 11:46:22,,0.0 revolutions_per_minute,11.7 volt,59 degree_Celsius,0.0 kilometer_per_hour,N/A,0.455 volt
2024-11-28 11:46:24,,0.0 revolutions_per_minute,11.7 volt,59 degree_Celsius,0.0 kilometer_per_hour,N/A,0.455 volt
2024-11-28 11:46:26,,0.0 revolutions_per_minute,11.7 volt,59 degree_Celsius,0.0 kilometer_per_hour,N/A,0.455 volt
2024-11-28 11:46:29,,0.0 revolutions_per_minute,11.7 volt,59 degree_Celsius,0.0 kilometer_per_hour,N/A,0.455 volt
2024-11-28 11:46:31,,0.0 revolutions_per_minute,11.7 volt,59 degree_Celsius,0.0 kilometer_per_hour,N/A,0.455 volt
2024-11-28 11:46:33,,0.0 revolutions_per_minute,11.7 volt,59 degree_Celsius,0.0 kilometer_per_hour,N/A,0.455 volt
2024-11-28 11:46:35,,0.0 revolutions_per_minute,11.7 volt,58 degree_Celsius,0.0 kilometer_per_hour,N/A,0.455 volt
2024-11-28 11:46:37,,0.0 revolutions_per_minute,11.7 volt,58 degree_Celsius,0.0 kilometer_per_hour,N/A,0.455 volt
2024-11-28 11:46:40,,0.0 revolutions_per_minute,11.7 volt,58 degree_Celsius,0.0 kilometer_per_hour,N/A,0.455 volt
2024-11-28 11:46:42,,0.0 revolutions_per_minute,11.7 volt,58 degree_Celsius,0.0 kilometer_per_hour,N/A,0.455 volt
2024-11-28 11:46:44,,0.0 revolutions_per_minute,11.7 volt,58 degree_Celsius,0.0 kilometer_per_hour,N/A,0.455 volt
2024-11-28 11:46:46,,0.0 revolutions_per_minute,11.7 volt,58 degree_Celsius,0.0 kilometer_per_hour,N/A,0.455 volt
2024-11-28 11:46:49,,0.0 revolutions_per_minute,11.7 volt,58 degree_Celsius,0.0 kilometer_per_hour,N/A,0.455 volt
2024-11-28 11:46:51,,0.0 revolutions_per_minute,11.7 volt,58 degree_Celsius,0.0 kilometer_per_hour,N/A,0.455 volt
2024-11-28 11:46:53,,0.0 revolutions_per_minute,11.7 volt,58 degree_Celsius,0.0 kilometer_per_hour,N/A,0.455 volt
2024-11-28 11:46:55,,0.0 revolutions_per_minute,11.7 volt,58 degree_Celsius,0.0 kilometer_per_hour,N/A,0.455 volt
2024-11-28 11:46:57,,0.0 revolutions_per_minute,11.7 volt,58 degree_Celsius,0.0 kilometer_per_hour,N/A,0.455 volt
2024-11-28 11:47:00,,0.0 revolutions_per_minute,11.7 volt,58 degree_Celsius,0.0 kilometer_per_hour,N/A,0.455 volt
2024-11-28 11:47:02,,0.0 revolutions_per_minute,11.6 volt,58 degree_Celsius,0.0 kilometer_per_hour,N/A,0.455 volt
2024-11-28 11:47:04,,0.0 revolutions_per_minute,11.7 volt,58 degree_Celsius,0.0 kilometer_per_hour,N/A,0.455 volt
2024-11-28 11:47:06,,0.0 revolutions_per_minute,11.7 volt,58 degree_Celsius,0.0 kilometer_per_hour,N/A,0.455 volt
2024-11-28 11:47:08,,0.0 revolutions_per_minute,11.7 volt,58 degree_Celsius,0.0 kilometer_per_hour,N/A,0.455 volt
2024-11-28 11:47:11,,0.0 revolutions_per_minute,11.7 volt,58 degree_Celsius,0.0 kilometer_per_hour,N/A,0.455 volt
2024-11-28 11:47:13,,0.0 revolutions_per_minute,11.7 volt,58 degree_Celsius,0.0 kilometer_per_hour,N/A,0.455 volt
2024-11-28 11:47:15,,0.0 revolutions_per_minute,11.7 volt,58 degree_Celsius,0.0 kilometer_per_hour,N/A,0.455 volt
2024-11-28 11:47:17,,0.0 revolutions_per_minute,11.7 volt,58 degree_Celsius,0.0 kilometer_per_hour,N/A,0.455 volt
2024-11-28 11:47:19,,0.0 revolutions_per_minute,11.7 volt,58 degree_Celsius,0.0 kilometer_per_hour,N/A,0.455 volt
2024-11-28 11:47:22,,0.0 revolutions_per_minute,11.7 volt,58 degree_Celsius,0.0 kilometer_per_hour,N/A,0.455 volt
2024-11-28 11:47:24,,0.0 revolutions_per_minute,11.7 volt,58 degree_Celsius,0.0 kilometer_per_hour,N/A,0.455 volt
2024-11-28 11:47:26,,0.0 revolutions_per_minute,11.7 volt,58 degree_Celsius,0.0 kilometer_per_hour,N/A,0.455 volt
2024-11-28 11:47:28,,0.0 revolutions_per_minute,11.7 volt,58 degree_Celsius,0.0 kilometer_per_hour,N/A,0.455 volt
2024-11-28 11:47:30,,0.0 revolutions_per_minute,11.7 volt,58 degree_Celsius,0.0 kilometer_per_hour,N/A,0.455 volt
2024-11-28 11:47:33,,0.0 revolutions_per_minute,11.7 volt,58 degree_Celsius,0.0 kilometer_per_hour,N/A,0.455 volt
2024-11-28 11:47:35,,0.0 revolutions_per_minute,11.7 volt,58 degree_Celsius,0.0 kilometer_per_hour,N/A,0.455 volt
2024-11-28 11:47:37,,0.0 revolutions_per_minute,11.7 volt,58 degree_Celsius,0.0 kilometer_per_hour,N/A,0.455 volt
2024-11-28 11:47:39,,0.0 revolutions_per_minute,11.7 volt,58 degree_Celsius,0.0 kilometer_per_hour,N/A,0.455 volt
2024-11-28 11:47:41,,0.0 revolutions_per_minute,11.7 volt,58 degree_Celsius,0.0 kilometer_per_hour,N/A,0.455 volt
2024-11-28 11:47:44,,0.0 revolutions_per_minute,11.7 volt,58 degree_Celsius,0.0 kilometer_per_hour,N/A,0.455 volt
2024-11-28 11:47:46,,0.0 revolutions_per_minute,11.7 volt,58 degree_Celsius,0.0 kilometer_per_hour,N/A,0.455 volt
2024-11-28 11:47:48,,0.0 revolutions_per_minute,11.7 volt,58 degree_Celsius,0.0 kilometer_per_hour,N/A,0.455 volt
2024-11-28 11:47:50,,0.0 revolutions_per_minute,11.7 volt,58 degree_Celsius,0.0 kilometer_per_hour,N/A,0.455 volt
2024-11-28 11:47:53,,0.0 revolutions_per_minute,11.7 volt,58 degree_Celsius,0.0 kilometer_per_hour,N/A,0.455 volt
2024-11-28 11:47:55,,0.0 revolutions_per_minute,11.7 volt,58 degree_Celsius,0.0 kilometer_per_hour,N/A,0.455 volt
2024-11-28 11:47:57,,0.0 revolutions_per_minute,11.7 volt,58 degree_Celsius,0.0 kilometer_per_hour,N/A,0.455 volt
2024-11-28 11:47:59,,0.0 revolutions_per_minute,11.7 volt,58 degree_Celsius,0.0 kilometer_per_hour,N/A,0.455 volt
2024-11-28 11:48:01,,0.0 revolutions_per_minute,11.7 volt,58 degree_Celsius,0.0 kilometer_per_hour,N/A,0.455 volt
2024-11-28 11:48:04,,0.0 revolutions_per_minute,11.7 volt,58 degree_Celsius,0.0 kilometer_per_hour,N/A,0.455 volt
2024-11-28 11:48:06,,0.0 revolutions_per_minute,11.7 volt,58 degree_Celsius,0.0 kilometer_per_hour,N/A,0.455 volt
2024-11-28 11:48:08,,0.0 revolutions_per_minute,11.7 volt,58 degree_Celsius,0.0 kilometer_per_hour,N/A,0.455 volt
2024-11-28 11:48:10,,0.0 revolutions_per_minute,11.7 volt,58 degree_Celsius,0.0 kilometer_per_hour,N/A,0.455 volt
2024-11-28 11:48:13,,0.0 revolutions_per_minute,11.7 volt,58 degree_Celsius,0.0 kilometer_per_hour,N/A,0.455 volt
2024-11-28 11:48:15,,0.0 revolutions_per_minute,11.7 volt,58 degree_Celsius,0.0 kilometer_per_hour,N/A,0.455 volt
2024-11-28 11:48:17,,0.0 revolutions_per_minute,11.7 volt,58 degree_Celsius,0.0 kilometer_per_hour,N/A,0.455 volt
2024-11-28 11:48:19,,0.0 revolutions_per_minute,11.7 volt,58 degree_Celsius,0.0 kilometer_per_hour,N/A,0.455 volt
2024-11-28 11:48:21,,0.0 revolutions_per_minute,11.7 volt,58 degree_Celsius,0.0 kilometer_per_hour,N/A,0.455 volt
2024-11-28 11:48:24,,0.0 revolutions_per_minute,11.7 volt,58 degree_Celsius,0.0 kilometer_per_hour,N/A,0.455 volt
2024-11-28 11:48:26,,0.0 revolutions_per_minute,11.7 volt,57 degree_Celsius,0.0 kilometer_per_hour,N/A,0.455 volt
2024-11-28 11:48:28,,0.0 revolutions_per_minute,11.7 volt,57 degree_Celsius,0.0 kilometer_per_hour,N/A,0.455 volt
2024-11-28 11:48:30,,0.0 revolutions_per_minute,11.7 volt,57 degree_Celsius,0.0 kilometer_per_hour,N/A,0.455 volt
2024-11-28 11:48:33,,0.0 revolutions_per_minute,11.7 volt,57 degree_Celsius,0.0 kilometer_per_hour,N/A,0.455 volt
2024-11-28 11:48:35,,0.0 revolutions_per_minute,11.7 volt,57 degree_Celsius,0.0 kilometer_per_hour,N/A,0.455 volt
2024-11-28 11:48:37,,0.0 revolutions_per_minute,11.7 volt,57 degree_Celsius,0.0 kilometer_per_hour,N/A,0.455 volt
2024-11-28 11:48:39,,0.0 revolutions_per_minute,11.7 volt,57 degree_Celsius,0.0 kilometer_per_hour,N/A,0.455 volt
2024-11-28 11:48:41,,0.0 revolutions_per_minute,11.7 volt,57 degree_Celsius,0.0 kilometer_per_hour,N/A,0.455 volt
2024-11-28 11:48:44,,0.0 revolutions_per_minute,11.7 volt,57 degree_Celsius,0.0 kilometer_per_hour,N/A,0.455 volt
2024-11-28 11:48:46,,0.0 revolutions_per_minute,11.7 volt,57 degree_Celsius,0.0 kilometer_per_hour,N/A,0.455 volt
2024-11-28 11:48:48,,0.0 revolutions_per_minute,11.7 volt,57 degree_Celsius,0.0 kilometer_per_hour,N/A,0.455 volt
2024-11-28 11:48:50,,0.0 revolutions_per_minute,11.7 volt,57 degree_Celsius,0.0 kilometer_per_hour,N/A,0.455 volt
2024-11-28 11:48:52,,0.0 revolutions_per_minute,11.7 volt,57 degree_Celsius,0.0 kilometer_per_hour,N/A,0.455 volt
2024-11-28 11:48:55,,0.0 revolutions_per_minute,11.7 volt,57 degree_Celsius,0.0 kilometer_per_hour,N/A,0.455 volt
2024-11-28 11:48:57,,0.0 revolutions_per_minute,11.7 volt,57 degree_Celsius,0.0 kilometer_per_hour,N/A,0.455 volt
2024-11-28 11:48:59,,0.0 revolutions_per_minute,11.7 volt,57 degree_Celsius,0.0 kilometer_per_hour,N/A,0.455 volt
2024-11-28 11:49:01,,0.0 revolutions_per_minute,11.7 volt,57 degree_Celsius,0.0 kilometer_per_hour,N/A,0.455 volt
2024-11-28 11:49:04,,0.0 revolutions_per_minute,11.7 volt,57 degree_Celsius,0.0 kilometer_per_hour,N/A,0.455 volt
2024-11-28 11:49:06,,0.0 revolutions_per_minute,11.7 volt,57 degree_Celsius,0.0 kilometer_per_hour,N/A,0.455 volt
2024-11-28 11:49:08,,0.0 revolutions_per_minute,11.7 volt,57 degree_Celsius,0.0 kilometer_per_hour,N/A,0.455 volt
2024-11-28 11:49:10,,0.0 revolutions_per_minute,11.7 volt,57 degree_Celsius,0.0 kilometer_per_hour,N/A,0.455 volt
2024-11-28 11:49:12,,0.0 revolutions_per_minute,11.7 volt,57 degree_Celsius,0.0 kilometer_per_hour,N/A,0.455 volt
2024-11-28 11:49:15,,0.0 revolutions_per_minute,11.7 volt,57 degree_Celsius,0.0 kilometer_per_hour,N/A,0.455 volt
2024-11-28 11:49:17,,0.0 revolutions_per_minute,11.7 volt,57 degree_Celsius,0.0 kilometer_per_hour,N/A,0.455 volt
2024-11-28 11:49:19,,0.0 revolutions_per_minute,11.7 volt,57 degree_Celsius,0.0 kilometer_per_hour,N/A,0.455 volt
2024-11-28 11:49:21,,0.0 revolutions_per_minute,11.7 volt,57 degree_Celsius,0.0 kilometer_per_hour,N/A,0.455 volt
2024-11-28 11:49:23,,0.0 revolutions_per_minute,11.6 volt,57 degree_Celsius,0.0 kilometer_per_hour,N/A,0.455 volt
2024-11-28 11:49:26,,0.0 revolutions_per_minute,11.7 volt,57 degree_Celsius,0.0 kilometer_per_hour,N/A,0.455 volt
2024-11-28 11:49:28,,0.0 revolutions_per_minute,11.7 volt,57 degree_Celsius,0.0 kilometer_per_hour,N/A,0.455 volt
2024-11-28 11:49:30,,0.0 revolutions_per_minute,11.7 volt,57 degree_Celsius,0.0 kilometer_per_hour,N/A,0.455 volt
2024-11-28 11:49:32,,0.0 revolutions_per_minute,11.7 volt,57 degree_Celsius,0.0 kilometer_per_hour,N/A,0.455 volt
2024-11-28 11:49:34,,0.0 revolutions_per_minute,11.7 volt,57 degree_Celsius,0.0 kilometer_per_hour,N/A,0.455 volt
2024-11-28 11:49:37,,0.0 revolutions_per_minute,11.7 volt,57 degree_Celsius,0.0 kilometer_per_hour,N/A,0.455 volt
2024-11-28 11:49:39,,0.0 revolutions_per_minute,11.7 volt,57 degree_Celsius,0.0 kilometer_per_hour,N/A,0.455 volt
2024-11-28 11:49:41,,0.0 revolutions_per_minute,11.7 volt,57 degree_Celsius,0.0 kilometer_per_hour,N/A,0.455 volt
2024-11-28 11:49:43,,0.0 revolutions_per_minute,11.7 volt,57 degree_Celsius,0.0 kilometer_per_hour,N/A,0.455 volt
2024-11-28 11:49:46,,0.0 revolutions_per_minute,11.7 volt,57 degree_Celsius,0.0 kilometer_per_hour,N/A,0.455 volt
2024-11-28 11:49:48,,0.0 revolutions_per_minute,11.7 volt,57 degree_Celsius,0.0 kilometer_per_hour,N/A,0.455 volt
2024-11-28 11:49:50,,0.0 revolutions_per_minute,11.7 volt,57 degree_Celsius,0.0 kilometer_per_hour,N/A,0.455 volt
2024-11-28 11:49:52,,0.0 revolutions_per_minute,11.7 volt,57 degree_Celsius,0.0 kilometer_per_hour,N/A,0.455 volt
2024-11-28 11:49:55,,0.0 revolutions_per_minute,11.7 volt,57 degree_Celsius,0.0 kilometer_per_hour,N/A,0.455 volt
2024-11-28 11:49:57,,0.0 revolutions_per_minute,11.7 volt,57 degree_Celsius,0.0 kilometer_per_hour,N/A,0.455 volt
2024-11-28 11:49:59,,0.0 revolutions_per_minute,11.7 volt,57 degree_Celsius,0.0 kilometer_per_hour,N/A,0.455 volt
2024-11-28 11:50:01,,0.0 revolutions_per_minute,11.7 volt,57 degree_Celsius,0.0 kilometer_per_hour,N/A,0.455 volt
2024-11-28 11:50:03,,0.0 revolutions_per_minute,11.7 volt,57 degree_Celsius,0.0 kilometer_per_hour,N/A,0.455 volt
2024-11-28 11:50:06,,0.0 revolutions_per_minute,11.7 volt,57 degree_Celsius,0.0 kilometer_per_hour,N/A,0.455 volt
2024-11-28 11:50:08,,0.0 revolutions_per_minute,11.7 volt,57 degree_Celsius,0.0 kilometer_per_hour,N/A,0.455 volt
2024-11-28 11:50:10,,0.0 revolutions_per_minute,11.7 volt,57 degree_Celsius,0.0 kilometer_per_hour,N/A,0.455 volt
2024-11-28 11:50:12,,0.0 revolutions_per_minute,11.7 volt,57 degree_Celsius,0.0 kilometer_per_hour,N/A,0.455 volt
2024-11-28 11:50:15,,0.0 revolutions_per_minute,11.7 volt,57 degree_Celsius,0.0 kilometer_per_hour,N/A,0.455 volt
2024-11-28 11:50:17,,0.0 revolutions_per_minute,11.7 volt,57 degree_Celsius,0.0 kilometer_per_hour,N/A,0.455 volt
2024-11-28 11:50:19,,0.0 revolutions_per_minute,11.7 volt,57 degree_Celsius,0.0 kilometer_per_hour,N/A,0.455 volt
2024-11-28 11:50:21,,0.0 revolutions_per_minute,11.7 volt,57 degree_Celsius,0.0 kilometer_per_hour,N/A,0.455 volt
2024-11-28 11:50:23,,0.0 revolutions_per_minute,11.7 volt,57 degree_Celsius,0.0 kilometer_per_hour,N/A,0.455 volt
2024-11-28 11:50:26,,0.0 revolutions_per_minute,11.7 volt,57 degree_Celsius,0.0 kilometer_per_hour,N/A,0.455 volt
2024-11-28 11:50:28,,0.0 revolutions_per_minute,11.7 volt,57 degree_Celsius,0.0 kilometer_per_hour,N/A,0.455 volt
2024-11-28 11:50:30,,0.0 revolutions_per_minute,11.7 volt,57 degree_Celsius,0.0 kilometer_per_hour,N/A,0.455 volt
2024-11-28 11:50:32,,0.0 revolutions_per_minute,11.7 volt,57 degree_Celsius,0.0 kilometer_per_hour,N/A,0.455 volt
2024-11-28 11:50:34,,0.0 revolutions_per_minute,11.7 volt,57 degree_Celsius,0.0 kilometer_per_hour,N/A,0.455 volt
2024-11-28 11:50:37,,0.0 revolutions_per_minute,11.7 volt,57 degree_Celsius,0.0 kilometer_per_hour,N/A,0.455 volt
2024-11-28 11:50:39,,0.0 revolutions_per_minute,11.7 volt,57 degree_Celsius,0.0 kilometer_per_hour,N/A,0.455 volt
2024-11-28 11:50:41,,0.0 revolutions_per_minute,11.7 volt,57 degree_Celsius,0.0 kilometer_per_hour,N/A,0.455 volt
2024-11-28 11:50:43,,0.0 revolutions_per_minute,11.7 volt,57 degree_Celsius,0.0 kilometer_per_hour,N/A,0.455 volt
2024-11-28 11:50:45,,0.0 revolutions_per_minute,11.7 volt,57 degree_Celsius,0.0 kilometer_per_hour,N/A,0.455 volt
2024-11-28 11:50:48,,0.0 revolutions_per_minute,11.7 volt,57 degree_Celsius,0.0 kilometer_per_hour,N/A,0.455 volt
2024-11-28 11:50:50,,0.0 revolutions_per_minute,11.7 volt,57 degree_Celsius,0.0 kilometer_per_hour,N/A,0.455 volt
2024-11-28 11:50:52,,0.0 revolutions_per_minute,11.7 volt,57 degree_Celsius,0.0 kilometer_per_hour,N/A,0.455 volt
2024-11-28 11:50:54,,0.0 revolutions_per_minute,11.7 volt,57 degree_Celsius,0.0 kilometer_per_hour,N/A,0.455 volt
2024-11-28 11:50:57,,0.0 revolutions_per_minute,11.7 volt,57 degree_Celsius,0.0 kilometer_per_hour,N/A,0.455 volt
2024-11-28 11:50:59,,0.0 revolutions_per_minute,11.7 volt,57 degree_Celsius,0.0 kilometer_per_hour,N/A,0.455 volt
2024-11-28 11:51:01,,0.0 revolutions_per_minute,11.7 volt,57 degree_Celsius,0.0 kilometer_per_hour,N/A,0.455 volt
2024-11-28 11:51:03,,0.0 revolutions_per_minute,11.7 volt,57 degree_Celsius,0.0 kilometer_per_hour,N/A,0.455 volt
2024-11-28 11:51:05,,0.0 revolutions_per_minute,11.7 volt,57 degree_Celsius,0.0 kilometer_per_hour,N/A,0.455 volt
2024-11-28 11:51:08,,0.0 revolutions_per_minute,11.7 volt,57 degree_Celsius,0.0 kilometer_per_hour,N/A,0.455 volt
2024-11-28 11:51:10,,0.0 revolutions_per_minute,11.7 volt,57 degree_Celsius,0.0 kilometer_per_hour,N/A,0.455 volt
2024-11-28 11:51:12,,0.0 revolutions_per_minute,11.7 volt,57 degree_Celsius,0.0 kilometer_per_hour,N/A,0.455 volt
2024-11-28 11:51:14,,0.0 revolutions_per_minute,11.7 volt,57 degree_Celsius,0.0 kilometer_per_hour,N/A,0.455 volt
2024-11-28 11:51:16,,0.0 revolutions_per_minute,11.7 volt,57 degree_Celsius,0.0 kilometer_per_hour,N/A,0.455 volt
2024-11-28 11:51:19,,0.0 revolutions_per_minute,11.7 volt,57 degree_Celsius,0.0 kilometer_per_hour,N/A,0.455 volt
2024-11-28 11:51:21,,0.0 revolutions_per_minute,11.7 volt,57 degree_Celsius,0.0 kilometer_per_hour,N/A,0.455 volt
2024-11-28 11:51:23,,0.0 revolutions_per_minute,11.7 volt,57 degree_Celsius,0.0 kilometer_per_hour,N/A,0.455 volt
2024-11-28 11:51:25,,0.0 revolutions_per_minute,11.7 volt,57 degree_Celsius,0.0 kilometer_per_hour,N/A,0.455 volt
2024-11-28 11:51:27,,0.0 revolutions_per_minute,11.7 volt,57 degree_Celsius,0.0 kilometer_per_hour,N/A,0.455 volt
2024-11-28 11:51:30,,0.0 revolutions_per_minute,11.7 volt,57 degree_Celsius,0.0 kilometer_per_hour,N/A,0.455 volt
2024-11-28 11:51:32,,0.0 revolutions_per_minute,11.7 volt,57 degree_Celsius,0.0 kilometer_per_hour,N/A,0.455 volt
2024-11-28 11:51:34,,0.0 revolutions_per_minute,11.7 volt,57 degree_Celsius,0.0 kilometer_per_hour,N/A,0.455 volt
2024-11-28 11:51:36,,0.0 revolutions_per_minute,11.7 volt,57 degree_Celsius,0.0 kilometer_per_hour,N/A,0.455 volt
2024-11-28 11:51:38,,0.0 revolutions_per_minute,11.7 volt,57 degree_Celsius,0.0 kilometer_per_hour,N/A,0.455 volt
2024-11-28 11:51:41,,0.0 revolutions_per_minute,11.6 volt,57 degree_Celsius,0.0 kilometer_per_hour,N/A,0.455 volt
2024-11-28 11:51:43,,0.0 revolutions_per_minute,11.7 volt,57 degree_Celsius,0.0 kilometer_per_hour,N/A,0.455 volt
2024-11-28 11:51:45,,0.0 revolutions_per_minute,11.7 volt,57 degree_Celsius,0.0 kilometer_per_hour,N/A,0.455 volt
2024-11-28 11:51:47,,0.0 revolutions_per_minute,11.7 volt,57 degree_Celsius,0.0 kilometer_per_hour,N/A,0.455 volt
2024-11-28 11:51:50,,0.0 revolutions_per_minute,11.7 volt,57 degree_Celsius,0.0 kilometer_per_hour,N/A,0.455 volt
2024-11-28 11:51:52,,0.0 revolutions_per_minute,11.7 volt,57 degree_Celsius,0.0 kilometer_per_hour,N/A,0.455 volt
2024-11-28 11:51:54,,0.0 revolutions_per_minute,11.7 volt,57 degree_Celsius,0.0 kilometer_per_hour,N/A,0.455 volt
2024-11-28 11:51:56,,0.0 revolutions_per_minute,11.7 volt,57 degree_Celsius,0.0 kilometer_per_hour,N/A,0.455 volt
2024-11-28 11:51:58,,0.0 revolutions_per_minute,11.7 volt,57 degree_Celsius,0.0 kilometer_per_hour,N/A,0.455 volt
2024-11-28 11:52:01,,0.0 revolutions_per_minute,11.7 volt,57 degree_Celsius,0.0 kilometer_per_hour,N/A,0.455 volt
2024-11-28 11:52:03,,0.0 revolutions_per_minute,11.7 volt,57 degree_Celsius,0.0 kilometer_per_hour,N/A,0.455 volt
2024-11-28 11:52:05,,0.0 revolutions_per_minute,11.7 volt,57 degree_Celsius,0.0 kilometer_per_hour,N/A,0.455 volt
2024-11-28 11:52:07,,0.0 revolutions_per_minute,11.7 volt,57 degree_Celsius,0.0 kilometer_per_hour,N/A,0.455 volt
2024-11-28 11:52:10,,0.0 revolutions_per_minute,11.7 volt,57 degree_Celsius,0.0 kilometer_per_hour,N/A,0.455 volt
2024-11-28 11:52:12,,0.0 revolutions_per_minute,11.7 volt,57 degree_Celsius,0.0 kilometer_per_hour,N/A,0.455 volt
2024-11-28 11:52:14,,0.0 revolutions_per_minute,11.7 volt,57 degree_Celsius,0.0 kilometer_per_hour,N/A,0.455 volt
2024-11-28 11:52:16,,0.0 revolutions_per_minute,11.7 volt,57 degree_Celsius,0.0 kilometer_per_hour,N/A,0.455 volt
2024-11-28 11:52:18,,0.0 revolutions_per_minute,11.7 volt,56 degree_Celsius,0.0 kilometer_per_hour,N/A,0.455 volt
2024-11-28 11:52:21,,0.0 revolutions_per_minute,11.7 volt,56 degree_Celsius,0.0 kilometer_per_hour,N/A,0.455 volt
2024-11-28 11:52:23,,0.0 revolutions_per_minute,11.7 volt,56 degree_Celsius,0.0 kilometer_per_hour,N/A,0.455 volt
2024-11-28 11:52:25,,0.0 revolutions_per_minute,11.7 volt,56 degree_Celsius,0.0 kilometer_per_hour,N/A,0.455 volt
2024-11-28 11:52:27,,0.0 revolutions_per_minute,11.7 volt,56 degree_Celsius,0.0 kilometer_per_hour,N/A,0.455 volt
2024-11-28 11:52:29,,0.0 revolutions_per_minute,11.7 volt,56 degree_Celsius,0.0 kilometer_per_hour,N/A,0.455 volt
2024-11-28 11:52:32,,0.0 revolutions_per_minute,11.7 volt,56 degree_Celsius,0.0 kilometer_per_hour,N/A,0.455 volt
2024-11-28 11:52:34,,0.0 revolutions_per_minute,11.7 volt,56 degree_Celsius,0.0 kilometer_per_hour,N/A,0.455 volt
2024-11-28 11:52:36,,0.0 revolutions_per_minute,11.7 volt,56 degree_Celsius,0.0 kilometer_per_hour,N/A,0.455 volt
2024-11-28 11:52:38,,0.0 revolutions_per_minute,11.7 volt,56 degree_Celsius,0.0 kilometer_per_hour,N/A,0.455 volt
2024-11-28 11:52:40,,0.0 revolutions_per_minute,11.7 volt,56 degree_Celsius,0.0 kilometer_per_hour,N/A,0.455 volt
2024-11-28 11:52:43,,0.0 revolutions_per_minute,11.7 volt,56 degree_Celsius,0.0 kilometer_per_hour,N/A,0.455 volt
2024-11-28 11:52:45,,0.0 revolutions_per_minute,11.7 volt,56 degree_Celsius,0.0 kilometer_per_hour,N/A,0.455 volt
2024-11-28 11:52:47,,0.0 revolutions_per_minute,11.7 volt,56 degree_Celsius,0.0 kilometer_per_hour,N/A,0.455 volt
2024-11-28 11:52:49,,0.0 revolutions_per_minute,11.7 volt,56 degree_Celsius,0.0 kilometer_per_hour,N/A,0.455 volt
2024-11-28 11:52:52,,0.0 revolutions_per_minute,11.7 volt,56 degree_Celsius,0.0 kilometer_per_hour,N/A,0.455 volt
2024-11-28 11:52:54,,0.0 revolutions_per_minute,11.7 volt,56 degree_Celsius,0.0 kilometer_per_hour,N/A,0.455 volt
2024-11-28 11:52:56,,0.0 revolutions_per_minute,11.7 volt,56 degree_Celsius,0.0 kilometer_per_hour,N/A,0.455 volt
2024-11-28 11:52:58,,0.0 revolutions_per_minute,11.7 volt,56 degree_Celsius,0.0 kilometer_per_hour,N/A,0.455 volt
2024-11-28 11:53:00,,0.0 revolutions_per_minute,11.7 volt,56 degree_Celsius,0.0 kilometer_per_hour,N/A,0.455 volt
2024-11-28 11:53:03,,0.0 revolutions_per_minute,11.7 volt,56 degree_Celsius,0.0 kilometer_per_hour,N/A,0.455 volt
2024-11-28 11:53:05,,0.0 revolutions_per_minute,11.7 volt,56 degree_Celsius,0.0 kilometer_per_hour,N/A,0.455 volt
2024-11-28 11:53:07,,0.0 revolutions_per_minute,11.7 volt,56 degree_Celsius,0.0 kilometer_per_hour,N/A,0.455 volt
2024-11-28 11:53:09,,0.0 revolutions_per_minute,11.7 volt,56 degree_Celsius,0.0 kilometer_per_hour,N/A,0.455 volt
2024-11-28 11:53:11,,0.0 revolutions_per_minute,11.7 volt,56 degree_Celsius,0.0 kilometer_per_hour,N/A,0.455 volt
2024-11-28 11:53:14,,0.0 revolutions_per_minute,11.7 volt,56 degree_Celsius,0.0 kilometer_per_hour,N/A,0.455 volt
2024-11-28 11:53:16,,0.0 revolutions_per_minute,11.7 volt,56 degree_Celsius,0.0 kilometer_per_hour,N/A,0.455 volt
2024-11-28 11:53:18,,0.0 revolutions_per_minute,11.7 volt,56 degree_Celsius,0.0 kilometer_per_hour,N/A,0.455 volt
2024-11-28 11:53:20,,0.0 revolutions_per_minute,11.7 volt,56 degree_Celsius,0.0 kilometer_per_hour,N/A,0.455 volt
2024-11-28 11:53:22,,0.0 revolutions_per_minute,11.6 volt,56 degree_Celsius,0.0 kilometer_per_hour,N/A,0.455 volt
2024-11-28 11:53:25,,0.0 revolutions_per_minute,11.7 volt,56 degree_Celsius,0.0 kilometer_per_hour,N/A,0.455 volt
2024-11-28 11:53:27,,0.0 revolutions_per_minute,11.6 volt,56 degree_Celsius,0.0 kilometer_per_hour,N/A,0.455 volt
2024-11-28 11:53:29,,0.0 revolutions_per_minute,11.7 volt,56 degree_Celsius,0.0 kilometer_per_hour,N/A,0.455 volt
2024-11-28 11:53:31,,0.0 revolutions_per_minute,11.4 volt,56 degree_Celsius,0.0 kilometer_per_hour,N/A,0.455 volt
2024-11-28 11:53:33,,0.0 revolutions_per_minute,11.7 volt,56 degree_Celsius,0.0 kilometer_per_hour,N/A,0.455 volt
